{
  "src": [
    "/static/audio/output.mp3"
  ],
  "sprite": {
    "eem": [
      0,
      234.42176870748298
    ],
    "gnno": [
      2000,
      266.59863945578223
    ],
    "gno": [
      4000,
      257.4149659863947
    ],
    "manama": [
      6000,
      523.9455782312925
    ],
    "manamp": [
      8000,
      455.0340136054416
    ],
    "manap": [
      10000,
      303.3560090702956
    ],
    "mapmap": [
      12000,
      381.4965986394565
    ],
    "mawp": [
      14000,
      261.9954648526068
    ],
    "meeep": [
      16000,
      271.17913832199395
    ],
    "meep": [
      18000,
      216.0317460317458
    ],
    "meepmoop": [
      20000,
      358.5034013605437
    ],
    "menop": [
      22000,
      464.19501133786764
    ],
    "merp-2": [
      24000,
      170.06802721088476
    ],
    "merp": [
      26000,
      284.9659863945568
    ],
    "merw  ": [
      28000,
      277.9591836734703
    ],
    "mmeep": [
      30000,
      349.3197278911566
    ],
    "moneyme": [
      32000,
      569.9319727891136
    ],
    "mwap": [
      34000,
      418.2539682539712
    ],
    "mweh": [
      36000,
      243.28798185941025
    ],
    "nerhh": [
      38000,
      234.39909297051997
    ],
    "nerhp": [
      40000,
      271.17913832199747
    ],
    "nwoo": [
      42000,
      289.54648526077165
    ],
    "wom": [
      44000,
      243.60544217687163
    ]
  }
}